address,location/lat,location/lng,name,numberOfGuests,pricing/nights,pricing/rate/amount,pricing/rate/amountFormatted,pricing/rateType,pricing/totalPrice/accommodation,pricing/totalPrice/amount,pricing/totalPrice/amountFormatted,pricing/totalPrice/cleaningFee,pricing/totalPrice/currency,pricing/totalPrice/guestFee,primaryHost/badges/0,primaryHost/badges/1,roomType,stars,stand address,praia,price per guest,price per night,norm price per guest,reviews numerical,score
"Boa Viagem, Pernambuco, Brazil",-8.117,-34.9,Modern Apartment in Beach Class by Carpediem,4,3,272.33,R$817,nightly,717,817,R$817,100.0,BRL,,3964 Reviews,Identity verified,Entire rental unit,4.52,Boa Viagem,1,68.083,272.333,0.995,3964.0,398.353
"Boa Viagem, Pernambuco, Brazil",-8.09483,-34.88412,PREMIUM COM VARANDA VISTA PANORÂMICA DO MAR 24° ANDAR,4,3,492.0,R$492,nightly,1587,1476,"R$1,476",,BRL,,2690 Reviews,Identity verified,Entire rental unit,4.83,Boa Viagem,1,123.0,492.0,0.99,2690.0,271.043
"Boa Viagem, Pernambuco, Brazil",-8.09477,-34.88304,Apartamento com Duas camas de Casal e Vista do Mar,4,3,310.67,R$932,nightly,1002,932,R$932,,BRL,,2690 Reviews,Identity verified,Private room in rental unit,4.76,Boa Viagem,1,77.667,310.667,0.994,2690.0,271.024
"Recife, Pernambuco, Brazil",-8.09391,-34.88481,FLAT ALTO LUXO DECORADO BEIRA MAR ANDAR ALTO 1503,4,3,403.0,R$403,nightly,1209,1209,"R$1,209",,BRL,,2690 Reviews,Identity verified,Entire rental unit,4.7,Recife,0,100.75,403.0,0.992,2690.0,271.005
"Boa Viagem, Pernambuco, Brazil",-8.0948,-34.88206,FLAT CHARME ROMÂNTICO VARANDA BEIRA MAR 24° ANDAR,4,3,366.67,R$366.67,nightly,1209,1100,"R$1,100",,BRL,,2690 Reviews,Identity verified,Entire rental unit,4.66,Boa Viagem,1,91.667,366.667,0.993,2690.0,270.994
"Boa Viagem, Pernambuco, Brazil",-8.09611,-34.88309,Apartment facing the sea in Boa Viagem,2,3,233.0,R$699,nightly,628,699,R$699,102.0,BRL,,1372 Reviews,Identity verified,Entire condo,4.54,Boa Viagem,1,116.5,233.0,0.991,1372.0,139.157
"Recife, Pernambuco, Brazil",-8.08622,-34.88843,Luxurious 2 bedroom flat next to CASV and Riomar,6,3,303.33,R$910,nightly,819,910,R$910,132.0,BRL,,1372 Reviews,Identity verified,Entire rental unit,4.49,Recife,0,50.556,303.333,0.996,1372.0,139.145
"Boa Vista, Pernambuco, Brazil",-8.05976,-34.88062,Alegre espaçoso apto002 às margens do Capibaribe,4,3,110.33,R$331,nightly,240,331,R$331,50.0,BRL,41.0,966 Reviews,Identity verified,Entire rental unit,4.57,Boa Vista,0,27.583,110.333,0.998,966.0,98.57
"Boa Vista, Pernambuco, Brazil",-8.06009,-34.88202,Alegre e espaçoso apto007 às margens do Capibaribe,2,3,108.33,R$325,nightly,261,325,R$325,50.0,BRL,40.0,966 Reviews,Identity verified,Entire rental unit,4.26,Boa Vista,0,54.167,108.333,0.996,966.0,98.476
"Recife, Pernambuco, Brazil",-8.09193,-34.88687,Flat funcional e acolhedor!No Pina perto de tudo,5,3,99.0,R$297,nightly,240,297,R$297,20.0,BRL,37.0,927 Reviews,Identity verified,Entire loft,4.77,Recife,0,19.8,99.0,0.998,927.0,94.73
"Recife , Pernambuco, Brazil",-8.09019,-34.88722,Flat estiloso SUSTENTÁVEL no Pina,4,3,101.33,R$304,nightly,240,304,R$304,26.0,BRL,38.0,927 Reviews,Identity verified,Entire serviced apartment,4.7,Recife,0,25.333,101.333,0.998,927.0,94.709
"Boa Viagem, Pernambuco, Brazil",-8.1258,-34.90421,The boutique apartment,5,3,323.67,R$971,nightly,731,971,R$971,120.0,BRL,120.0,799 Reviews,Identity verified,Entire rental unit,4.93,Boa Viagem,1,64.733,323.667,0.995,799.0,81.976
"Boa Viagem, Pernambuco, Brazil",-8.12629,-34.89853,The boutique apartment 2 - Boa Viagem,4,3,335.0,R$335,nightly,761,1005,"R$1,005",120.0,BRL,124.0,799 Reviews,Identity verified,Entire rental unit,4.89,Boa Viagem,1,83.75,335.0,0.993,799.0,81.963
"recife, Pernambuco, Brazil",-8.087,-34.889,"Boa Viagem - Pina, Recife,  B. Class Excelsior",7,3,266.33,R$799,nightly,600,799,R$799,100.0,BRL,99.0,527 Reviews,Identity verified,Entire serviced apartment,4.82,Recife,0,38.048,266.333,0.997,527.0,54.744
"Recife, Pernambuco, Brazil",-8.11601,-34.8997,"Recife, Boa Viagem, Beach Class, Shopping e Praia",6,3,266.33,R$799,nightly,600,799,R$799,100.0,BRL,99.0,527 Reviews,Identity verified,Entire rental unit,4.75,Recife,0,44.389,266.333,0.996,527.0,54.723
"Recife, Pernambuco, Brazil",-8.11543,-34.89985,"Boa Viagem Recife, Beach Class BV Melhor Local",6,3,266.33,R$799,nightly,600,799,R$799,100.0,BRL,99.0,527 Reviews,Identity verified,Entire rental unit,4.73,Recife,0,44.389,266.333,0.996,527.0,54.717
"Boa Viagem, Pernambuco, Brazil",-8.11777,-34.89877,Recife- Boa Viagem Flat Hotel e Residence,3,3,266.33,R$799,nightly,600,799,R$799,100.0,BRL,99.0,527 Reviews,Identity verified,Entire serviced apartment,4.7,Boa Viagem,1,88.778,266.333,0.993,527.0,54.706
"Boa Viagem, Pernambuco, Brazil",-8.11764,-34.9004,Recife e Boa Viagem - Beach C-Hotels e Residence,2,3,266.33,R$799,nightly,600,799,R$799,100.0,BRL,99.0,527 Reviews,Identity verified,Entire serviced apartment,4.62,Boa Viagem,1,133.167,266.333,0.989,527.0,54.679
"Recife, Pernambuco, Brazil",-8.11403,-34.89958,"NOB2105 Excellent Flat in Boa Viagem, two bedrooms, in Beach Class Convention By HÔM. Ideal for families and executives",5,3,418.33,R$418.33,nightly,1002,1255,"R$1,255",253.0,BRL,,518 Reviews,5 References,Entire rental unit,4.89,Recife,0,83.667,418.333,0.993,518.0,53.863
"Recife, Pernambuco, Brazil",-8.139,-34.906,PM805 Excellent flat in Boa Viagem surrounded by restaurants and supermarkets,4,3,299.0,R$897,nightly,690,897,R$897,207.0,BRL,,518 Reviews,5 References,Entire rental unit,4.88,Recife,0,74.75,299.0,0.994,518.0,53.86
"Recife, Pernambuco, Brazil",-8.13792,-34.90668,"PM306 Excellent apartment for 5 people in Boa Viagem, ideal for families and executives",5,3,383.33,R$383.33,nightly,897,1150,"R$1,150",253.0,BRL,,518 Reviews,5 References,Entire rental unit,4.58,Recife,0,76.667,383.333,0.994,518.0,53.77
"Recife, Pernambuco, Brazil",-8.03509,-34.90364,"PBO902 Great Flat in the Jaqueira neighborhood in Recife, the greenest neighborhood in the city",3,3,276.0,R$828,nightly,621,828,R$828,207.0,BRL,,518 Reviews,5 References,Entire rental unit,4.53,Recife,0,92.0,276.0,0.993,518.0,53.755
"Recife, Pernambuco, Brazil",-8.139,-34.906,"PM802 Excellent flat in Boa Viagem, surrounded by restaurants and supermarkets",4,3,288.0,R$864,nightly,657,864,R$864,207.0,BRL,,518 Reviews,5 References,Entire rental unit,4.48,Recife,0,72.0,288.0,0.994,518.0,53.74
"Recife, Pernambuco, Brazil",-8.02988,-34.91887,ARN901 Apt. com dois quartos próximo à Praça Casa Forte,4,3,260.0,R$780,nightly,630,780,R$780,150.0,BRL,,518 Reviews,5 References,Entire rental unit,0.0,Recife,0,65.0,260.0,0.995,518.0,52.397
"Boa Viagem, Pernambuco, Brazil",-8.1079,-34.88818,"RAD2704 Excellent Flat beachfront of Boa Viagem beach, the Radisson Hotel, the best local waterfront",3,3,437.0,R$437,nightly,1104,1311,"R$1,311",207.0,BRL,,518 Reviews,5 References,Entire rental unit,0.0,Boa Viagem,1,145.667,437.0,0.988,518.0,52.393
"Boa Viagem, Pernambuco, Brazil",-8.131,-34.905,Quarto suíte em Boa Viagem,2,3,77.0,R$231,nightly,202,231,R$231,,BRL,29.0,498 Reviews,Identity verified,Private room in rental unit,4.95,Boa Viagem,1,38.5,77.0,0.997,498.0,51.883
"Casa Amarela, Pernambuco, Brazil",-8.02417,-34.92408,Quarto em Casa Amarela,2,3,55.67,R$167,nightly,162,167,R$167,,BRL,21.0,488 Reviews,4 References,Private room in home,5.0,Casa Amarela,0,27.833,55.667,0.998,488.0,50.899
"Boa Viagem, Pernambuco, Brazil",-8.14159,-34.91473,Kitnet Pertinho do Aeroporto,3,3,114.0,R$342,nightly,270,342,R$342,30.0,BRL,42.0,469 Reviews,Identity verified,Entire loft,4.55,Boa Viagem,1,38.0,114.0,0.997,469.0,48.863
"Ilha do Retiro, Pernambuco, Brazil",-8.06278,-34.90695,ACONCHEGANTE APTO NO CORAÇÃO DO RECIFE.,2,3,285.33,R$856,nightly,750,856,R$856,,BRL,106.0,431 Reviews,Identity verified,Entire rental unit,4.97,Ilha do Retiro,0,142.667,285.333,0.989,431.0,45.184
"Boa Viagem, Pernambuco, Brazil",-8.09213,-34.88235,casa de Fazenda Tatuí,8,3,1369.33,R$1369.33,nightly,3600,4108,"R$4,108",,BRL,508.0,442 Reviews,Identity verified,Ranch,0.0,Boa Viagem,1,171.167,1369.333,0.986,442.0,44.792
"Boa Viagem, Pernambuco, Brazil",-8.13449,-34.90665,"Melhor de Boa Viagem seguro, limpo e confortável.",5,3,140.67,R$422,nightly,250,422,R$422,120.0,BRL,52.0,421 Reviews,Identity verified,Entire rental unit,4.78,Boa Viagem,1,28.133,140.667,0.998,421.0,44.133
"Boa Viagem, Pernambuco, Brazil",-8.09511,-34.88222,Flat TOP -Beach Class Internacional Av. Boa Viagem,4,3,715.0,R$715,nightly,1800,2145,"R$2,145",80.0,BRL,265.0,413 Reviews,Identity verified,Entire serviced apartment,4.59,Boa Viagem,1,178.75,715.0,0.986,413.0,43.269
"Recife, Pernambuco, Brazil",-8.14107,-34.90456,Viva como Recifense em Flat Conceito com Vista Mar,4,3,291.67,R$875,nightly,687,875,R$875,80.0,BRL,108.0,382 Reviews,3 References,Entire serviced apartment,4.77,Recife,0,72.917,291.667,0.994,382.0,40.227
"Boa Viagem, Pernambuco, Brazil",-8.11201,-34.8998,Flat top de 2 quartos boa viagem dentro de hotel,6,3,274.0,R$822,nightly,720,822,R$822,,BRL,102.0,373 Reviews,Identity verified,Entire rental unit,4.79,Boa Viagem,1,45.667,274.0,0.996,373.0,39.335
"Boa Viagem, Pernambuco, Brazil",-8.11649,-34.90013,Apartamento Bem Localizado em Boa Viagem,6,3,280.0,R$840,nightly,740,840,R$840,100.0,BRL,,366 Reviews,Identity verified,Entire rental unit,4.41,Boa Viagem,1,46.667,280.0,0.996,366.0,38.521
"Recife, Pernambuco, Brazil",-8.12854,-34.9037,"Flat em Boa Viagem, ótima localização!!",4,3,150.0,R$450,nightly,294,450,R$450,100.0,BRL,56.0,360 Reviews,Identity verified,Entire rental unit,4.72,Recife,0,37.5,150.0,0.997,360.0,38.014
"Engenho do Meio, Pernambuco, Brazil",-8.055,-34.946,Ap Quitinete - UFPE - ao lado da reitoria (4),5,3,94.67,R$284,nightly,150,284,R$284,99.0,BRL,35.0,356 Reviews,Identity verified,Entire rental unit,4.88,Engenho do Meio,0,18.933,94.667,0.998,356.0,37.663
"Boa Viagem, Pernambuco, Brazil",-8.14,-34.905,Flat Luxury Soho frente na praia de Boa Viagem,4,3,281.33,R$844,nightly,660,844,R$844,80.0,BRL,104.0,349 Reviews,1 Reference,Entire serviced apartment,4.86,Boa Viagem,1,70.333,281.333,0.994,349.0,36.954
"Boa Viagem, Pernambuco, Brazil",-8.12227,-34.90593,607 flat em Boa Viagem ao lado do Shopping Recife,2,3,312.0,R$936,nightly,750,936,R$936,70.0,BRL,116.0,343 Reviews,Identity verified,Entire loft,4.89,Boa Viagem,1,156.0,312.0,0.988,343.0,36.36
"Boa Viagem, Pernambuco, Brazil",-8.12209,-34.90579,1007 Flat em Boa viagem ao lado do shopping Recife,2,3,312.0,R$936,nightly,750,936,R$936,70.0,BRL,116.0,343 Reviews,Identity verified,Entire loft,4.86,Boa Viagem,1,156.0,312.0,0.988,343.0,36.351
"Boa Viagem, Pernambuco, Brazil",-8.11796,-34.89971,"MELHOR LOCALIZAÇÃO, NO CORAÇÃO DE BOA VIAGEM",7,3,150.0,R$450,nightly,294,450,R$450,100.0,BRL,56.0,340 Reviews,Identity verified,Entire rental unit,4.79,Boa Viagem,1,21.429,150.0,0.998,340.0,36.036
"Recife, Pernambuco, Brazil",-8.11694,-34.91033,Excelente APT,9,3,135.0,R$405,nightly,255,405,R$405,100.0,BRL,50.0,340 Reviews,Identity verified,Entire condo,4.69,Recife,0,15.0,135.0,0.999,340.0,36.006
"Recife, Pernambuco, Brazil",-8.13257,-34.90378,RAMADA FLAT FRENTE MAR 20* Andar,5,3,285.33,R$856,nightly,680,856,R$856,70.0,BRL,106.0,317 Reviews,Identity verified,Entire rental unit,4.61,Recife,0,57.067,285.333,0.995,317.0,33.68
"Recife, Pernambuco, Brazil",-8.108,-34.889,Spacious Apartment Boa Viagem Beach,10,3,833.33,R$833.33,nightly,2300,2500,"R$2,500",200.0,BRL,,285 Reviews,Identity verified,Entire rental unit,4.91,Recife,0,83.333,833.333,0.993,285.0,30.569
"Boa Viagem, Pernambuco, Brazil",-8.125,-34.898,Certeza que ficará encantado com sua estadia,6,3,406.33,R$406.33,nightly,928,1219,"R$1,219",140.0,BRL,151.0,260 Reviews,Identity verified,Entire rental unit,4.88,Boa Viagem,1,67.722,406.333,0.995,260.0,28.061
"Boa Viagem, Pernambuco, Brazil",-8.11871,-34.89641,Um sonho de estadia - Flat Luxo e Design,4,3,306.33,R$919,nightly,675,919,R$919,130.0,BRL,114.0,260 Reviews,Identity verified,Entire rental unit,4.86,Boa Viagem,1,76.583,306.333,0.994,260.0,28.054
"Recife, Pernambuco, Brazil",-8.125,-34.898,"Encantaremos você, Apto lindo próximo à praia.",6,3,406.33,R$406.33,nightly,928,1219,"R$1,219",140.0,BRL,151.0,260 Reviews,Identity verified,Entire condo,4.8,Recife,0,67.722,406.333,0.995,260.0,28.037
"Recife, Pernambuco, Brazil",-8.14144,-34.90595,"Apartamento Duplex em Boa Viagem Setubal,",8,3,274.0,R$822,nightly,600,822,R$822,120.0,BRL,102.0,256 Reviews,Identity verified,Entire condo,4.77,Recife,0,34.25,274.0,0.997,256.0,27.629
"Boa Viagem, Pernambuco, Brazil",-8.10777,-34.88826,Lindo apartamento com piscina - Beira Mar B.Viagem,4,3,250.0,R$750,nightly,597,750,R$750,60.0,BRL,93.0,255 Reviews,Identity verified,Entire rental unit,4.79,Boa Viagem,1,62.5,250.0,0.995,255.0,27.534
"Boa Viagem, Pernambuco, Brazil",-8.117,-34.894,Exclusivo. Permita-se uma experiência diferente,5,3,562.67,R$562.67,nightly,1279,1688,"R$1,688",200.0,BRL,209.0,238 Reviews,Identity verified,Entire rental unit,4.91,Boa Viagem,1,112.533,562.667,0.991,238.0,25.868
"Recife, Pernambuco, Brazil",-8.09356,-34.88189,FLAT DE LUXO EM FRENTE À PRAIA DE BOA VIAGEM,2,3,232.0,R$696,nightly,610,696,R$696,,BRL,86.0,226 Reviews,Identity verified,Entire rental unit,4.86,Recife,0,116.0,232.0,0.991,226.0,24.653
"Santana, Pernambuco, Brazil",-8.04042,-34.91774,POUSADA FLAT HOTEL EM CASA FORTE RECIFE - PE (02),3,3,306.0,R$918,nightly,804,918,R$918,,BRL,114.0,226 Reviews,Identity verified,Private room in serviced apartment,4.67,Santana,0,102.0,306.0,0.992,226.0,24.596
"Recife, Pernambuco, Brazil",-8.03847,-34.90444,Room Perfect Park Jaqueira,2,3,110.33,R$331,nightly,240,331,R$331,50.0,BRL,41.0,215 Reviews,9 References,Private room in rental unit,4.97,Recife,0,55.167,110.333,0.996,215.0,23.589
"Recife, Pernambuco, Brazil",-8.0942,-34.88439,Quarto em hotel de luxo na praia de boa viagem,2,3,232.0,R$696,nightly,610,696,R$696,,BRL,86.0,226 Reviews,Identity verified,Entire rental unit,0.0,Recife,0,116.0,232.0,0.991,226.0,23.195
"Recife, Pernambuco, Brazil",-8.09525,-34.88305,Apt 1508 Beach Class Executive beira mar c/varanda,4,3,312.0,R$936,nightly,765,936,R$936,55.0,BRL,116.0,210 Reviews,Identity verified,Entire serviced apartment,4.98,Recife,0,78.0,312.0,0.994,210.0,23.09
"Recife, Pernambuco, Brazil",-8.034,-34.919,Luxury apartment with panoramic views,8,3,818.0,R$818,nightly,2000,2454,"R$2,454",150.0,BRL,304.0,209 Reviews,Identity verified,Entire rental unit,4.86,Recife,0,102.25,818.0,0.992,209.0,22.953
"Boa Viagem, Pernambuco, Brazil",-8.10646,-34.88918,De frente para o MAR. Dentro de um hotel Radisson,4,3,468.0,R$468,nightly,1230,1404,"R$1,404",,BRL,174.0,187 Reviews,Identity verified,Entire serviced apartment,4.89,Boa Viagem,1,117.0,468.0,0.991,187.0,20.762
"Boa Viagem, Pernambuco, Brazil",-8.11331,-34.90008,Lindo Flat Boa Viagem 2 quartos,4,3,323.33,R$970,nightly,750,970,R$970,100.0,BRL,120.0,186 Reviews,Identity verified,Entire serviced apartment,4.76,Boa Viagem,1,80.833,323.333,0.994,186.0,20.624
"Boa viagem, Pernambuco, Brazil",-8.1347,-34.90398,New Look,7,3,433.67,R$433.67,nightly,1140,1301,"R$1,301",,BRL,161.0,178 Reviews,Identity verified,Entire condo,4.91,Boa Viagem,1,61.952,433.667,0.995,178.0,19.87
"Mangueira, Pernambuco, Brazil",-8.074,-34.924,Refúgio e tranquilidade -  Apartamento Inteiro,3,3,105.0,R$315,nightly,240,315,R$315,36.0,BRL,39.0,175 Reviews,Identity verified,Entire rental unit,4.96,Mangueira,0,35.0,105.0,0.997,175.0,19.586
"Recife, Pernambuco, Brazil",-8.07372,-34.9237,Sua Casa No Recife ( Excelente Custo Benefício ),4,3,93.33,R$280,nightly,210,280,R$280,35.0,BRL,35.0,175 Reviews,Identity verified,Entire rental unit,4.84,Recife,0,23.333,93.333,0.998,175.0,19.551
"Graças, Pernambuco, Brazil",-8.047,-34.902,"Super Apto bairro Graças / 4 quartos, 3 banheiros",9,3,359.33,R$359.33,nightly,720,1078,"R$1,078",225.0,BRL,133.0,166 Reviews,1 Reference,Entire rental unit,4.76,Graças,0,39.926,359.333,0.997,166.0,18.626
"Boa Viagem, Pernambuco, Brazil",-8.111,-34.894,"400m da Praia Boa Viagem, Wi-Fi 500Mbps - Piscina",4,3,229.0,R$687,nightly,870,687,R$687,95.0,BRL,,160 Reviews,Identity verified,Entire serviced apartment,4.99,Boa Viagem,1,57.25,229.0,0.995,160.0,18.094
"Boa Viagem, Pernambuco, Brazil",-8.11861,-34.901,Flat no Hotel Imperial Suites!,4,3,251.0,R$753,nightly,600,753,R$753,60.0,BRL,93.0,157 Reviews,Identity verified,Entire serviced apartment,4.85,Boa Viagem,1,62.75,251.0,0.995,157.0,17.752
"Boa Viagem, Pernambuco, Brazil",-8.09429,-34.88313,"FLAT Beira Mar,  Beach Class Executive",4,3,313.0,R$939,nightly,823,939,R$939,,BRL,116.0,158 Reviews,Identity verified,Entire serviced apartment,4.49,Boa Viagem,1,78.25,313.0,0.994,158.0,17.743
"Boa Vista, Pernambuco, Brazil",-8.06348,-34.90006,Lar Doce Lar -2 -área central e segura do Recife,1,3,112.33,R$337,nightly,255,337,R$337,40.0,BRL,42.0,152 Reviews,Identity verified,Private room in rental unit,4.74,Boa Vista,0,112.333,112.333,0.991,152.0,17.217
"Boa Viagem, Pernambuco, Brazil",-8.12481,-34.89908,Apt 5| 50 m da praia | Vista do mar | Wi-Fi 200 mb,4,3,353.67,R$353.67,nightly,780,1061,"R$1,061",150.0,BRL,131.0,145 Reviews,Identity verified,Entire rental unit,4.88,Boa Viagem,1,88.417,353.667,0.993,145.0,16.56
"Recife, Pernambuco, Brazil",-8.11553,-34.8924,"Superb beachfront apartment, Recife",6,3,634.0,R$634,nightly,1667,1902,"R$1,902",,BRL,235.0,142 Reviews,Identity verified,Entire condo,4.9,Recife,0,105.667,634.0,0.992,142.0,16.265
"Boa Viagem, Pernambuco, Brazil",-8.13138,-34.90635,"Top! Apto confort/3 qtos,130m²-Boa Viagem/Recife",8,3,502.0,R$502,nightly,1200,1506,"R$1,506",120.0,BRL,186.0,139 Reviews,Identity verified,Entire rental unit,4.99,Boa Viagem,1,62.75,502.0,0.995,139.0,15.994
"Recife, Pernambuco, Brazil",-8.12972,-34.90114,cobertura com piscina,6,3,679.0,R$679,nightly,1785,2037,"R$2,037",,BRL,252.0,136 Reviews,Identity verified,Entire rental unit,4.84,Recife,0,113.167,679.0,0.991,136.0,15.647
"Boa Viagem, Pernambuco, Brazil",-8.12626,-34.89864,BOA VIAGEM - 3 QUARTOS - MELHOR PONTO DA PRAIA,8,3,331.0,R$993,nightly,740,993,R$993,130.0,BRL,123.0,136 Reviews,Identity verified,Entire rental unit,4.79,Boa Viagem,1,41.375,331.0,0.997,136.0,15.635
"Boa Viagem, Pernambuco, Brazil",-8.13144,-34.90231,Três Quartos - Vista do mar - Junto à Pracinha,8,3,350.0,R$350,nightly,790,1050,"R$1,050",130.0,BRL,130.0,136 Reviews,Identity verified,Entire rental unit,4.79,Boa Viagem,1,43.75,350.0,0.996,136.0,15.635
"Várzea, Pernambuco, Brazil",-8.04121,-34.95048,Varzea casa Denise (edícula) quarto 2,1,3,68.33,R$205,nightly,180,205,R$205,,BRL,25.0,135 Reviews,Identity verified,Entire guesthouse,5.0,Várzea,0,68.333,68.333,0.995,135.0,15.597
"Recife, Pernambuco, Brazil",-8.10827,-34.88795,Flat Radisson Recife,4,3,567.67,R$567.67,nightly,1332,1703,"R$1,703",160.0,BRL,211.0,129 Reviews,Identity verified,Entire serviced apartment,4.94,Recife,0,141.917,567.667,0.989,129.0,14.975
"Recife, Pernambuco, Brazil",-8.13679,-34.90492,Quarto / Boa Viagem / RECIFE,2,3,114.0,R$342,nightly,270,342,R$342,30.0,BRL,42.0,129 Reviews,1 Reference,Private room in rental unit,4.9,Recife,0,57.0,114.0,0.995,129.0,14.967
"Casa Amarela, Pernambuco, Brazil",-8.02685,-34.91448,Casa Amarela: conforto e boa localização? Temos!,4,3,277.67,R$833,nightly,610,833,R$833,120.0,BRL,103.0,121 Reviews,Identity verified,Entire rental unit,4.97,Casa Amarela,0,69.417,277.667,0.994,121.0,14.187
"Boa Viagem, Pernambuco, Brazil",-8.117,-34.894,"Maravilhoso flat, de 2 dormitórios, a 40m da praia",4,3,471.67,R$471.67,nightly,1050,1415,"R$1,415",190.0,BRL,175.0,119 Reviews,Identity verified,Entire serviced apartment,4.94,Boa Viagem,1,117.917,471.667,0.991,119.0,13.977
"Boa Viagem, Pernambuco, Brazil",-8.114,-34.895,"Boa Viagem beach! 5 rooms, 2 floors&comfort relax!",15,3,585.67,R$585.67,nightly,1360,1757,"R$1,757",180.0,BRL,217.0,118 Reviews,Identity verified,Entire rental unit,4.58,Boa Viagem,1,39.044,585.667,0.997,118.0,13.772
"Graças, Pernambuco, Brazil",-8.04635,-34.90065,Cantinho Acolhedor e bem localizado nas Graças,1,3,107.0,R$321,nightly,231,321,R$321,50.0,BRL,40.0,115 Reviews,Identity verified,Private room in rental unit,4.82,Graças,0,107.0,107.0,0.991,115.0,13.541
"Boa Viagem, Pernambuco, Brazil",-8.116,-34.893,Apto inspirador La Belle de Jour em Boa Viagem,6,3,968.0,R$968,nightly,2754,2904,"R$2,904",150.0,BRL,,112 Reviews,Identity verified,Entire rental unit,4.93,Boa Viagem,1,161.333,968.0,0.987,112.0,13.271
"Boa Viagem, Pernambuco, Brazil",-8.095,-34.884,Hotel Nobile Suítes Executive Beira-Mar Boa Viagem,2,3,277.67,R$833,nightly,660,833,R$833,70.0,BRL,103.0,112 Reviews,Identity verified,Entire serviced apartment,4.79,Boa Viagem,1,138.833,277.667,0.989,112.0,13.23
"Recife, Pernambuco, Brazil",-8.11738,-34.90139,"Coraçao de Boa Viagem, recepçao 24h prox aeroporto",4,3,278.33,R$835,nightly,612,835,R$835,120.0,BRL,103.0,110 Reviews,1 Reference,Entire serviced apartment,4.89,Recife,0,69.583,278.333,0.994,110.0,13.063
"Boa Viagem, Pernambuco, Brazil",-8.10807,-34.88968,Apartamento na beira mar de Boa Viagem,2,3,353.67,R$353.67,nightly,930,1061,"R$1,061",,BRL,131.0,106 Reviews,Identity verified,Entire rental unit,4.84,Boa Viagem,1,176.833,353.667,0.986,106.0,12.644
"Recife, Pernambuco, Brazil",-8.0315,-34.93266,Quarto para temporada,1,3,61.67,R$185,nightly,162,185,R$185,,BRL,23.0,102 Reviews,Identity verified,Private room in home,4.92,Recife,0,61.667,61.667,0.995,102.0,12.273
"Recife, Pernambuco, Brazil",-8.03482,-34.91939,Apê 2 quartos (1 suíte) em Casa Forte Wi-Fi 500 MB,6,3,273.0,R$819,nightly,670,819,R$819,149.0,BRL,,102 Reviews,Identity verified,Entire rental unit,4.83,Recife,0,45.5,273.0,0.996,102.0,12.247
"Brasília Teimosa, Pernambuco, Brazil",-8.083,-34.88,casa. 05 com ar mobiliada próximo as praias,5,3,80.0,R$240,nightly,210,240,R$240,,BRL,30.0,100 Reviews,Identity verified,Entire home,4.95,Brasília Teimosa,1,16.0,80.0,0.999,100.0,12.084
"Recife, Pernambuco, Brazil",-8.11639,-34.89383,No melhor de Boa Viagem - 50 mts da praia - 2 qts.,4,3,289.0,R$867,nightly,640,867,R$867,120.0,BRL,107.0,100 Reviews,Identity verified,Entire rental unit,4.84,Recife,0,72.25,289.0,0.994,100.0,12.048
"Boa Viagem, Pernambuco, Brazil",-8.10182,-34.88705,Freitas Residence - Quinta Manuel Rodrigues - 2 quartos,4,3,25000.0,R$25000,nightly,75000,75000,"R$75,000",,BRL,,117 Reviews,Identity verified,Private room in condo,0.0,Boa Viagem,1,6250.0,25000.0,0.5,117.0,12.0
"Brasília Teimosa, Pernambuco, Brazil",-8.08859,-34.88141,casa 04 com ar condicionado mobiliada aprox. praia,4,3,80.0,R$240,nightly,210,240,R$240,,BRL,30.0,100 Reviews,Identity verified,Entire home,4.59,Brasília Teimosa,1,20.0,80.0,0.998,100.0,11.976
"Boa Viagem, Pernambuco, Brazil",-8.10051,-34.88551,Freitas Residence - Quinta Manuel Rodrigues,3,3,25000.0,R$25000,nightly,75000,75000,"R$75,000",,BRL,,117 Reviews,Identity verified,Private room in condo,0.0,Boa Viagem,1,8333.333,25000.0,0.333,117.0,11.9
"Boa Viagem, Pernambuco, Brazil",-8.10201,-34.88687,Freitas Residence - Quinta Manuel Rodrigues,2,3,25000.0,R$25000,nightly,75000,75000,"R$75,000",,BRL,,117 Reviews,Identity verified,Private room in condo,0.0,Boa Viagem,1,12500.0,25000.0,0.0,117.0,11.7
"Torre, Pernambuco, Brazil",-8.04594,-34.91301,Apartamento aconchegante e bem localizado.,5,3,188.33,R$565,nightly,295,565,R$565,200.0,BRL,70.0,96 Reviews,Identity verified,Entire rental unit,4.59,Torre,0,37.667,188.333,0.997,96.0,11.575
"Recife, Pernambuco, Brazil",-8.11396,-34.89647,Excelente localização Boa Viagem,1,3,119.67,R$359,nightly,245,359,R$359,70.0,BRL,44.0,90 Reviews,Identity verified,Private room in rental unit,5.0,Recife,0,119.667,119.667,0.99,90.0,11.094
"Recife, Pernambuco, Brazil",-8.11423,-34.89783,Suite Recife Boa Viagem,2,3,125.67,R$377,nightly,260,377,R$377,70.0,BRL,47.0,90 Reviews,Identity verified,Private room in rental unit,4.9,Recife,0,62.833,125.667,0.995,90.0,11.067
"Cordeiro, Pernambuco, Brazil",-8.04901,-34.93255,Quarto Suíte Espaçoso em Casa Super Ampla!,2,3,99.0,R$297,nightly,210,297,R$297,50.0,BRL,37.0,88 Reviews,Identity verified,Private room in home,5.0,Cordeiro,0,49.5,99.0,0.996,88.0,10.898
"Cordeiro, Pernambuco, Brazil",-8.04885,-34.93269,Quarto Suíte Tranquilo em Casa Super Ampla!,2,3,104.67,R$314,nightly,225,314,R$314,50.0,BRL,39.0,88 Reviews,Identity verified,Private room in home,4.96,Cordeiro,0,52.333,104.667,0.996,88.0,10.886
"Boa Viagem, Recife, Pernambuco, Brazil",-8.11068,-34.89053,"Apê grande, aconchegante e pertinho da praia, WiFi",6,3,300.67,R$902,nightly,660,902,R$902,130.0,BRL,112.0,82 Reviews,Identity verified,Entire rental unit,4.74,Recife,0,50.111,300.667,0.996,82.0,10.22
"Boa Viagem, Pernambuco, Brazil",-8.11699,-34.89441,Flat incrível na melhor localidade de Boa viagem,4,3,258.67,R$776,nightly,600,776,R$776,80.0,BRL,96.0,83 Reviews,Identity verified,Entire serviced apartment,4.4,Boa Viagem,1,64.667,258.667,0.995,83.0,10.217
"Boa Viagem, Pernambuco, Brazil",-8.09352,-34.88409,Beira mar de Boa Viagem-Canavarro Flat Experience,4,3,315.67,R$947,nightly,750,947,R$947,80.0,BRL,117.0,81 Reviews,Identity verified,Entire serviced apartment,4.98,Boa Viagem,1,78.917,315.667,0.994,81.0,10.19
"Recife, Pernambuco, Brazil",-8.14556,-34.90556,Excelente Quarto Beira Mar!!,2,3,102.67,R$308,nightly,270,308,R$308,,BRL,38.0,81 Reviews,Identity verified,Private room in rental unit,4.97,Recife,0,51.333,102.667,0.996,81.0,10.189
"Recife, Pernambuco, Brazil",-8.10563,-34.8878,Flat charmoso em praia urbana,2,3,270.0,R$810,nightly,610,810,R$810,100.0,BRL,100.0,81 Reviews,Identity verified,Entire serviced apartment,4.91,Recife,0,135.0,270.0,0.989,81.0,10.166
"Aflitos, Pernambuco, Brazil",-8.03731,-34.89682,Pousada SalSamba 2,2,3,101.67,R$305,nightly,237,305,R$305,30.0,BRL,38.0,80 Reviews,Identity verified,Entire guest suite,4.83,Aflitos,0,50.833,101.667,0.996,80.0,10.047
"Recife, Pernambuco, Brazil",-8.044,-34.892,Casa do Ben - Quarto Daora,1,3,81.33,R$244,nightly,174,244,R$244,40.0,BRL,30.0,74 Reviews,Identity verified,Private room in rental unit,4.84,Recife,0,81.333,81.333,0.993,74.0,9.448
"Recife, Pernambuco, Brazil",-8.07369,-34.90707,Quarto acomchegante !,2,3,58.33,R$175,nightly,153,175,R$175,,BRL,22.0,72 Reviews,Identity verified,Private room in rental unit,5.0,Recife,0,29.167,58.333,0.998,72.0,9.299
"Recife, Pernambuco, Brazil",-8.11262,-34.89572,Maravilhoso - Loft - prox colégio Sta Maria,5,3,1171.67,R$1171.67,nightly,3000,3515,"R$3,515",80.0,BRL,435.0,87 Reviews,Identity verified,Entire loft,0.0,Recife,0,234.333,1171.667,0.981,87.0,9.289
"Boa Viagem, Pernambuco, Brazil",-8.12567,-34.90948,Furnished and equipped apartment in Boa Viagem,6,3,551.67,R$551.67,nightly,1200,1655,"R$1,655",250.0,BRL,205.0,70 Reviews,Identity verified,Entire condo,4.93,Boa Viagem,1,91.944,551.667,0.993,70.0,9.075
"Boa Viagem, Pernambuco, Brazil",-8.115,-34.893,APT Completo na melhor localização de Boa Viagem,4,3,360.67,R$360.67,nightly,828,1082,"R$1,082",120.0,BRL,134.0,69 Reviews,Identity verified,Entire rental unit,4.82,Boa Viagem,1,90.167,360.667,0.993,69.0,8.942
"Apipucos, Pernambuco, Brazil",-8.02036,-34.93493,Solar em Apipucos,4,3,116.67,R$350,nightly,267,350,R$350,40.0,BRL,43.0,68 Reviews,Identity verified,Private room in home,4.75,Apipucos,0,29.167,116.667,0.998,68.0,8.824
"Recife, Pernambuco, Brazil",-8.0579,-34.87874,Apartamento três quartos no centro do Recife,5,3,604.67,R$604.67,nightly,1500,1814,"R$1,814",90.0,BRL,224.0,67 Reviews,Identity verified,Entire rental unit,4.83,Recife,0,120.933,604.667,0.99,67.0,8.743
"Boa Viagem, Pernambuco, Brazil",-8.13227,-34.90205,"Quarto amplo, iluminado e ventilado em Boa Viagem",2,3,110.33,R$331,nightly,240,331,R$331,50.0,BRL,41.0,81 Reviews,Identity verified,Private room in rental unit,0.0,Boa Viagem,1,55.167,110.333,0.996,81.0,8.698
"Recife, Pernambuco, Brazil",-8.122,-34.898,Quarto pequeno cama de solteiro,1,3,97.0,R$291,nightly,255,291,R$291,,BRL,36.0,66 Reviews,Identity verified,Private room in rental unit,4.68,Recife,0,97.0,97.0,0.992,66.0,8.599
"Recife, Pernambuco, Brazil",-8.13317,-34.90559,3 /2 The Heart of Boa Viagem por trás to Mar Hotel,5,3,281.33,R$844,nightly,610,844,R$844,130.0,BRL,104.0,62 Reviews,Identity verified,Entire rental unit,4.67,Recife,0,56.267,281.333,0.995,62.0,8.198
"Parnamirim, Pernambuco, Brazil",-8.0318,-34.91157,Conforto em amplo apt perto do parque e Casa Forte,6,3,494.67,R$494.67,nightly,1200,1484,"R$1,484",100.0,BRL,184.0,61 Reviews,Identity verified,Entire rental unit,4.95,Parnamirim,0,82.444,494.667,0.993,61.0,8.181
"Casa Forte, Pernambuco, Brazil",-8.02957,-34.91817,Apartamento inteiro com self check in - Casa Forte,4,3,293.0,R$879,nightly,630,879,R$879,140.0,BRL,109.0,58 Reviews,Identity verified,Entire condo,4.98,Casa Forte,0,73.25,293.0,0.994,58.0,7.89
"Recife, Pernambuco, Brazil",-8.129,-34.903,Ramon Hostel Bar,9,3,62.67,R$188,nightly,165,188,R$188,,BRL,23.0,59 Reviews,Identity verified,Shared room in bed and breakfast,4.58,Recife,0,6.963,62.667,0.999,59.0,7.873
"Boa Vista, Pernambuco, Brazil",-8.04941,-34.891,Hostel e Pousada Boa Vista,15,3,56.0,R$168,nightly,147,168,R$168,,BRL,21.0,53 Reviews,Identity verified,Shared room in hostel,4.88,Boa Vista,0,3.733,56.0,1.0,53.0,7.364
"Boa Vista, Pernambuco, Brazil",-8.05958,-34.88034,Quarto aconchegante na Boa Vista,2,3,91.33,R$274,nightly,240,274,R$274,,BRL,34.0,50 Reviews,Identity verified,Private room in rental unit,5.0,Boa Vista,0,45.667,91.333,0.996,50.0,7.098
"Várzea, Pernambuco, Brazil",-8.04612,-34.94662,um quarto à 200 Metros Da UFPE,3,3,101.67,R$305,nightly,240,305,R$305,27.0,BRL,38.0,47 Reviews,Identity verified,Private room in rental unit,4.98,Várzea,0,33.889,101.667,0.997,47.0,6.792
"Parnamirim, Pernambuco, Brazil",-8.0333,-34.91056,Flat Beach Class Jaqueira,4,3,270.0,R$810,nightly,610,810,R$810,100.0,BRL,100.0,45 Reviews,Identity verified,Entire rental unit,4.93,Parnamirim,0,67.5,270.0,0.995,45.0,6.576
"Boa Viagem, Pernambuco, Brazil",-8.12814,-34.90386,Boa Viagem/cômodo duplo (cama+bicama)/qto Recife,2,3,106.67,R$320,nightly,240,320,R$320,40.0,BRL,40.0,43 Reviews,Identity verified,Private room in rental unit,5.0,Boa Viagem,1,53.333,106.667,0.996,43.0,6.398
"Cordeiro, Pernambuco, Brazil",-8.04726,-34.93219,BOM DE + PRÓXIMO A UFPE,5,3,285.33,R$856,nightly,600,856,R$856,150.0,BRL,106.0,43 Reviews,Identity verified,Entire rental unit,5.0,Cordeiro,0,57.067,285.333,0.995,43.0,6.397
"Recife, Pernambuco, Brazil",-8.13699,-34.90222,Apartamento Beira Mar de Boa Viagem,6,3,456.33,R$456.33,nightly,1050,1369,"R$1,369",150.0,BRL,169.0,44 Reviews,Identity verified,Entire rental unit,4.53,Recife,0,76.056,456.333,0.994,44.0,6.355
"Graças, Pernambuco, Brazil",-8.0499,-34.90034,Ótimo 3 quartos no privilegiado bairro das Graças,5,3,388.0,R$388,nightly,900,1164,"R$1,164",120.0,BRL,144.0,42 Reviews,Identity verified,Entire rental unit,4.98,Graças,0,77.6,388.0,0.994,42.0,6.29
"Boa Viagem, Pernambuco, Brazil",-8.141,-34.905,Ótima Localização e Conforto em Boa Viagem!,6,3,509.67,R$509.67,nightly,1170,1529,"R$1,529",170.0,BRL,189.0,42 Reviews,Identity verified,Entire rental unit,4.9,Boa Viagem,1,84.944,509.667,0.993,42.0,6.266
"Recife, Pernambuco, Brazil",-8.1124,-34.8989,"Flat Boa Viagem -
Apart Hotel Bristol Beach Class",6,3,399.33,R$399.33,nightly,900,1198,"R$1,198",150.0,BRL,148.0,42 Reviews,Identity verified,Entire rental unit,4.82,Recife,0,66.556,399.333,0.995,42.0,6.243
"Boa Viagem, Pernambuco, Brazil",-8.132,-34.908,O QUE VOCÊ PRECISA!!  Localização e conforto!,10,3,547.67,R$547.67,nightly,1390,1643,"R$1,643",120.0,BRL,203.0,42 Reviews,Identity verified,Entire rental unit,4.67,Boa Viagem,1,54.767,547.667,0.996,42.0,6.199
"Centro, Pernambuco, Brazil",-8.17888,-34.9168,Um Lindo Lugar para Desfrutar!,4,3,285.33,R$856,nightly,750,856,R$856,,BRL,106.0,40 Reviews,Identity verified,Entire serviced apartment,4.82,Centro,0,71.333,285.333,0.994,40.0,6.042
"Soledade, Pernambuco, Brazil",-8.049,-34.89,Cozy room near downtown,2,3,91.33,R$274,nightly,240,274,R$274,,BRL,34.0,38 Reviews,Identity verified,Private room in condo,4.82,Soledade,0,45.667,91.333,0.996,38.0,5.844
"Boa Viagem, Pernambuco, Brazil",-8.1176,-34.8995,Beach Class Hotels & Residence - Flat 2405,4,3,308.0,R$924,nightly,810,924,R$924,,BRL,114.0,37 Reviews,Identity verified,Entire serviced apartment,5.0,Boa Viagem,1,77.0,308.0,0.994,37.0,5.796
"Recife, Pernambuco, Brazil",-8.034,-34.887,O Mundo Lá de Casa,4,3,684.67,R$684.67,nightly,1800,2054,"R$2,054",,BRL,254.0,37 Reviews,Identity verified,Private room in home,5.0,Recife,0,171.167,684.667,0.986,37.0,5.792
"Boa Viagem, Pernambuco, Brazil",-8.12814,-34.89686,"Apartamento  Av. Boa Viagem, excelente localização",6,3,275.67,R$827,nightly,705,827,R$827,20.0,BRL,102.0,37 Reviews,Identity verified,Entire rental unit,4.73,Boa Viagem,1,45.944,275.667,0.996,37.0,5.717
"Recife, Pernambuco, Brazil",-8.116,-34.897,Flat Premium Boa Viagem com Automação Alexa,4,3,370.0,R$370,nightly,1030,1110,"R$1,110",80.0,BRL,,36 Reviews,Identity verified,Entire serviced apartment,4.94,Recife,0,92.5,370.0,0.993,36.0,5.678
"Pina, Pernambuco, Brazil",-8.09986,-34.88588,Incrível Apto em Boa Viagem,8,3,798.67,R$798.67,nightly,1950,2396,"R$2,396",150.0,BRL,296.0,35 Reviews,Identity verified,Entire rental unit,4.88,Pina,1,99.833,798.667,0.992,35.0,5.559
"Boa Viagem, Pernambuco, Brazil",-8.11756,-34.89362,Excelente Flat em Boa Viagem com vista para o mar!,4,3,355.67,R$355.67,nightly,885,1067,"R$1,067",50.0,BRL,132.0,33 Reviews,Identity verified,Entire serviced apartment,4.82,Boa Viagem,1,88.917,355.667,0.993,33.0,5.342
"Boa Viagem, Pernambuco, Brazil",-8.11976,-34.89653,Apartamento luxuoso e aconchegante,4,3,365.33,R$365.33,nightly,810,1096,"R$1,096",150.0,BRL,136.0,33 Reviews,Identity verified,Entire rental unit,4.79,Boa Viagem,1,91.333,365.333,0.993,33.0,5.333
"Boa Viagem, Pernambuco, Brazil",-8.1451,-34.9045,Apartamento completo 3 quartos em boa viagem,4,3,319.67,R$959,nightly,780,959,R$959,60.0,BRL,119.0,32 Reviews,Identity verified,Entire condo,4.87,Boa Viagem,1,79.917,319.667,0.994,32.0,5.257
"Boa Viagem, Pernambuco, Brazil",-8.12,-34.896,Praia de Boa Viagem - Apartamento de 4 quartos,8,3,631.33,R$631.33,nightly,1500,1894,"R$1,894",160.0,BRL,234.0,32 Reviews,Identity verified,Entire rental unit,4.8,Boa Viagem,1,78.917,631.333,0.994,32.0,5.236
"Torre, Pernambuco, Brazil",-8.04807,-34.90913,"Cantinho familiar, sinta-Se em casa",1,3,74.33,R$223,nightly,195,223,R$223,,BRL,28.0,30 Reviews,Identity verified,Private room in earthen home,4.92,Torre,0,74.333,74.333,0.994,30.0,5.072
"Rosarinho, Pernambuco, Brazil",-8.03113,-34.89858,Casa Rosarinho Quarto 1- próx. a Jaqueira.,5,3,91.33,R$274,nightly,240,274,R$274,,BRL,34.0,29 Reviews,Identity verified,Private room in home,5.0,Rosarinho,0,18.267,91.333,0.999,29.0,4.999
"Boa Viagem, Pernambuco, Brazil",-8.12677,-34.90427,linda vista mar.,7,3,399.33,R$399.33,nightly,900,1198,"R$1,198",150.0,BRL,148.0,29 Reviews,Identity verified,Entire condo,4.59,Boa Viagem,1,57.048,399.333,0.995,29.0,4.874
"Recife, Pernambuco, Brazil",-8.06357,-34.89372,Beach Class Ilha do Leite - Apto 34m2 decorado!,2,3,277.67,R$833,nightly,630,833,R$833,100.0,BRL,103.0,27 Reviews,Identity verified,Entire condo,4.96,Recife,0,138.833,277.667,0.989,27.0,4.781
"Graças, Pernambuco, Brazil",-8.05,-34.899,Apartamento  ( 1 suíte) com piscina,2,3,280.67,R$842,nightly,633,842,R$842,105.0,BRL,104.0,27 Reviews,Identity verified,Entire rental unit,4.74,Graças,0,140.333,280.667,0.989,27.0,4.715
"Boa Viagem, Pernambuco, Brazil",-8.11234,-34.89979,Flat em Boa Viagem! Dois quartos.,4,3,342.33,R$342.33,nightly,790,1027,"R$1,027",110.0,BRL,127.0,27 Reviews,Identity verified,Entire serviced apartment,4.67,Boa Viagem,1,85.583,342.333,0.993,27.0,4.697
"Pina, Pernambuco, Brazil",-8.08609,-34.88819,Studio 29 beach Recife Deslumbrante,2,3,289.0,R$867,nightly,660,867,R$867,100.0,BRL,107.0,26 Reviews,Identity verified,Entire rental unit,5.0,Pina,1,144.5,289.0,0.988,26.0,4.693
"Boa Viagem, Pernambuco, Brazil",-8.10814,-34.88707,Av Boa Viagem. Flat com vista perfeita para o Mar.,4,3,513.67,R$513.67,nightly,1200,1541,"R$1,541",150.0,BRL,191.0,25 Reviews,Identity verified,Entire rental unit,4.94,Boa Viagem,1,128.417,513.667,0.99,25.0,4.576
"Pina, Pernambuco, Brazil",-8.09732,-34.88426,Excelente Flat super equipado e com vista pro Mar!,2,3,601.0,R$601,nightly,1430,1803,"R$1,803",150.0,BRL,223.0,27 Reviews,Identity verified,Entire serviced apartment,4.2,Pina,1,300.5,601.0,0.976,27.0,4.546
"Espinheiro, Pernambuco, Brazil",-8.04203,-34.89084,QUARTO SOLTEIRO NO ESPINHEIRO,2,3,97.0,R$291,nightly,210,291,R$291,45.0,BRL,36.0,24 Reviews,Identity verified,Private room in condo,5.0,Espinheiro,0,48.5,97.0,0.996,24.0,4.498
"Boa Viagem, Pernambuco, Brazil",-8.115,-34.896,QUARTO AMPLO E CLIMATIZADO,3,3,93.33,R$280,nightly,210,280,R$280,35.0,BRL,35.0,24 Reviews,Identity verified,Private room in rental unit,4.71,Boa Viagem,1,31.111,93.333,0.998,24.0,4.412
"Boa Viagem, Pernambuco, Brazil",-8.11959,-34.89886,"Lovely Apt in Boa Viagem
Beach & Pool",5,3,380.33,R$380.33,nightly,900,1141,"R$1,141",100.0,BRL,141.0,23 Reviews,Identity verified,Entire condo,5.0,Boa Viagem,1,76.067,380.333,0.994,23.0,4.396
"Centro, Pernambuco, Brazil",-8.44146,-34.98522,Casa Fantástica - Porto de Galinhas/ Muro Alto,16,3,2092.0,R$2092,nightly,5500,6276,"R$6,276",,BRL,776.0,23 Reviews,Identity verified,Entire home,4.92,Centro,0,130.75,2092.0,0.99,23.0,4.37
"Boa Viagem, Pernambuco, Brazil",-8.1185,-34.89352,Flat Mércure Navegantes Recife - Maravilhoso!,2,3,256.67,R$770,nightly,675,770,R$770,,BRL,95.0,23 Reviews,Identity verified,Private room in serviced apartment,4.69,Boa Viagem,1,128.333,256.667,0.99,23.0,4.301
"Recife, Pernambuco, Brazil",-8.12496,-34.90068,Amplo apto. em excelente localização de Boa Viagem,4,3,581.0,R$581,nightly,1527,1743,"R$1,743",,BRL,216.0,23 Reviews,,Entire rental unit,4.61,Recife,0,145.25,581.0,0.988,23.0,4.276
"Boa Viagem, Pernambuco, Brazil",-8.117,-34.894,Excelente Flat em frente a praia de Boa Viagem,2,3,376.67,R$376.67,nightly,840,1130,"R$1,130",150.0,BRL,140.0,22 Reviews,Identity verified,Entire serviced apartment,4.95,Boa Viagem,1,188.333,376.667,0.985,22.0,4.276
"Recife, Pernambuco, Brazil",-8.13954,-34.90359,Recife's best/ melhor de Recife,8,3,1179.33,R$1179.33,nightly,3000,3538,"R$3,538",100.0,BRL,438.0,22 Reviews,Identity verified,Entire rental unit,4.92,Recife,0,147.417,1179.333,0.988,22.0,4.269
"Recife, Pernambuco, Brazil",-8.038,-34.945,Apto completo perto da Cidade Universitária,5,3,251.0,R$753,nightly,660,753,R$753,,BRL,93.0,19 Reviews,Identity verified,Entire condo,4.83,Recife,0,50.2,251.0,0.996,19.0,3.947
"Boa Viagem, Pernambuco, Brazil",-8.1178,-34.89939,"Beach Class Hotels17°andar, conforto e luxo.",4,3,285.33,R$856,nightly,750,856,R$856,,BRL,106.0,18 Reviews,Identity verified,Entire serviced apartment,5.0,Boa Viagem,1,71.333,285.333,0.994,18.0,3.896
"Derby, Pernambuco, Brazil",-8.05424,-34.90311,Excelente Apto Área Hospitalar (S.Joana/Português),5,3,352.67,R$352.67,nightly,927,1058,"R$1,058",,BRL,131.0,18 Reviews,Identity verified,Entire rental unit,4.94,Derby,0,70.533,352.667,0.994,18.0,3.878
"Boa Viagem, Pernambuco, Brazil",-8.13268,-34.9018,Apartamento acolhedor com excelente localização,5,3,296.67,R$890,nightly,630,890,R$890,150.0,BRL,110.0,19 Reviews,Identity verified,Entire rental unit,4.58,Boa Viagem,1,59.333,296.667,0.995,19.0,3.871
"Várzea, Pernambuco, Brazil",-8.04531,-34.94953,Quarto  individual com banheiro privativo,2,3,74.33,R$223,nightly,195,223,R$223,,BRL,28.0,17 Reviews,Identity verified,Private room in guest suite,5.0,Várzea,0,37.167,74.333,0.997,17.0,3.798
"Madalena, Pernambuco, Brazil",-8.05265,-34.91127,"Ed. Jardins da Holanda,",4,3,483.0,R$483,nightly,1200,1449,"R$1,449",70.0,BRL,179.0,17 Reviews,Identity verified,Entire rental unit,4.88,Madalena,0,120.75,483.0,0.99,17.0,3.758
"Boa Viagem, Pernambuco, Brazil",-8.1208,-34.89686,Apartamento Boa Viagem perto de tudo,5,3,513.67,R$513.67,nightly,1200,1541,"R$1,541",150.0,BRL,191.0,16 Reviews,Identity verified,Entire condo,5.0,Boa Viagem,1,102.733,513.667,0.992,16.0,3.695
"Pina, Pernambuco, Brazil",-8.086,-34.89,"Apartamento completão, ao lado do Shop Rio Mar",4,3,494.67,R$494.67,nightly,1200,1484,"R$1,484",100.0,BRL,184.0,16 Reviews,Identity verified,Entire rental unit,4.82,Pina,1,123.667,494.667,0.99,16.0,3.64
"Recife, Pernambuco, Brazil",-8.13625,-34.90135,Double room w/ exclusive bathroom,2,3,464.0,R$464,nightly,1200,1392,"R$1,392",20.0,BRL,172.0,16 Reviews,Identity verified,Private room in rental unit,4.81,Recife,0,232.0,464.0,0.981,16.0,3.632
"Boa Viagem, Pernambuco, Brazil",-8.11701,-34.89351,"Flat Mercure Navegantes, 50m praia de Boa Viagem.",3,3,260.67,R$782,nightly,615,782,R$782,70.0,BRL,97.0,16 Reviews,Identity verified,Private room in serviced apartment,4.69,Boa Viagem,1,86.889,260.667,0.993,16.0,3.603
"Encruzilhada, Pernambuco, Brazil",-8.038,-34.888,A casa é sua!,2,3,64.0,R$192,nightly,168,192,R$192,,BRL,24.0,30 Reviews,Identity verified,Private room in rental unit,0.0,Encruzilhada,0,32.0,64.0,0.997,30.0,3.598
"Recife, Pernambuco, Brazil",-8.049,-34.895,Apartamento urbano industrial | Wi-Fi fibra ótica,3,3,324.0,R$972,nightly,732,972,R$972,120.0,BRL,120.0,15 Reviews,Identity verified,Entire condo,5.0,Recife,0,108.0,324.0,0.991,15.0,3.595
"Dois Irmãos, Pernambuco, Brazil",-8.00817,-34.95438,Maison JanArtem,3,3,95.0,R$285,nightly,195,285,R$285,55.0,BRL,35.0,15 Reviews,Identity verified,Entire home,4.47,Dois Irmãos,0,31.667,95.0,0.997,15.0,3.439
"Boa Viagem, Pernambuco, Brazil",-8.11225,-34.89346,Apartamento alto padrão em Boa Viagem,4,3,399.33,R$399.33,nightly,900,1198,"R$1,198",150.0,BRL,148.0,13 Reviews,Identity verified,Entire rental unit,5.0,Boa Viagem,1,99.833,399.333,0.992,13.0,3.395
"Boa Viagem, Pernambuco, Brazil",-8.11287,-34.90092,Apartamento completo para você. É só chegar!,4,3,430.0,R$430,nightly,1020,1290,"R$1,290",110.0,BRL,160.0,12 Reviews,Identity verified,Entire rental unit,5.0,Boa Viagem,1,107.5,430.0,0.991,12.0,3.295
"Boa Viagem, Pernambuco, Brazil",-8.14215,-34.90555,"Apartamento Jussara Freitas, 2 quartos Beira Mar",5,3,371.0,R$371,nightly,675,1113,"R$1,113",300.0,BRL,138.0,13 Reviews,Identity verified,Entire condo,4.63,Boa Viagem,1,74.2,371.0,0.994,13.0,3.285
"Boa Viagem, Pernambuco, Brazil",-8.13534,-34.90613,Setubal 2 quartos 400 metros do mar,4,3,502.0,R$502,nightly,1200,1506,"R$1,506",120.0,BRL,186.0,13 Reviews,Identity verified,Entire rental unit,4.62,Boa Viagem,1,125.5,502.0,0.99,13.0,3.28
"Graças, Pernambuco, Brazil",-8.05243,-34.90158,O lindo apartamento 2 quartos do Derby!,4,3,326.0,R$978,nightly,727,978,R$978,130.0,BRL,121.0,12 Reviews,Identity verified,Entire condo,4.75,Graças,0,81.5,326.0,0.993,12.0,3.221
"Casa Amarela, Pernambuco, Brazil",-8.02744,-34.91156,Ponto Jardim,2,3,102.67,R$308,nightly,270,308,R$308,,BRL,38.0,10 Reviews,Identity verified,Entire rental unit,4.71,Casa Amarela,0,51.333,102.667,0.996,10.0,3.011
"Boa Viagem, Pernambuco, Brazil",-8.1231,-34.89961,Ap em boa viajem disponível para carnaval os4 dias,6,3,490.67,R$490.67,nightly,1290,1472,"R$1,472",,BRL,182.0,9 Reviews,Identity verified,Entire rental unit,5.0,Boa Viagem,1,81.778,490.667,0.993,9.0,2.996
"Recife, Pernambuco, Brazil",-8.143,-34.905,"Apartamento amplo, localização excelente",6,3,513.67,R$513.67,nightly,1170,1541,"R$1,541",180.0,BRL,191.0,9 Reviews,Identity verified,Entire rental unit,4.89,Recife,0,85.611,513.667,0.993,9.0,2.963
"Boa Viagem, Pernambuco, Brazil",-8.1434,-34.90453,"BEST PANORAMIC VIEW 180º, BOA VIAGEM BEACH",6,3,913.0,R$913,nightly,2100,2739,"R$2,739",300.0,BRL,339.0,10 Reviews,Identity verified,Entire rental unit,4.44,Boa Viagem,1,152.167,913.0,0.988,10.0,2.925
"Boa Viagem, Pernambuco, Brazil",-8.14188,-34.90808,"Apartamento amplo, aconchegante, praia Boa Viagem",6,3,559.33,R$559.33,nightly,1170,1678,"R$1,678",300.0,BRL,208.0,9 Reviews,Identity verified,Entire rental unit,4.67,Boa Viagem,1,93.222,559.333,0.993,9.0,2.897
"Centro, Pernambuco, Brazil",-8.44142,-34.98465,Casa Espetacular em Muro Alto (Porto de Galinhas),15,3,2008.33,R$2008.33,nightly,5130,6025,"R$6,025",150.0,BRL,745.0,8 Reviews,Identity verified,Entire home,5.0,Centro,0,133.889,2008.333,0.989,8.0,2.893
"Boa Viagem, Pernambuco, Brazil",-8.09511,-34.88303,FLAT RESORT NA AVENIDA BOA VIAGEM,2,3,304.33,R$913,nightly,750,913,R$913,50.0,BRL,113.0,8 Reviews,Identity verified,Entire serviced apartment,4.8,Boa Viagem,1,152.167,304.333,0.988,8.0,2.833
"Estância, Pernambuco, Brazil",-8.08398,-34.93019,Quarto em um pedacinho de paz no Recife,1,3,83.0,R$249,nightly,168,249,R$249,50.0,BRL,31.0,6 Reviews,Identity verified,Private room in rental unit,5.0,Estância,0,83.0,83.0,0.993,6.0,2.696
"Boa Viagem, Pernambuco, Brazil",-8.139,-34.906,Aptubal | apartamento com design minimalista,3,3,551.33,R$551.33,nightly,1349,1654,"R$1,654",100.0,BRL,205.0,21 Reviews,Identity verified,Entire serviced apartment,0.0,Boa Viagem,1,183.778,551.333,0.985,21.0,2.691
"Boa Viagem, Pernambuco, Brazil",-8.11878,-34.89465,Belíssimo flat com vista magnífica do mar,2,3,932.0,R$932,nightly,2400,2796,"R$2,796",50.0,BRL,346.0,7 Reviews,Identity verified,Entire serviced apartment,4.57,Boa Viagem,1,466.0,932.0,0.963,7.0,2.649
"Recife, Pernambuco, Brazil",-8.13281,-34.90814,Quarto em Apartamento,1,3,110.33,R$331,nightly,240,331,R$331,50.0,BRL,41.0,5 Reviews,Identity verified,Private room in rental unit,5.0,Recife,0,110.333,110.333,0.991,5.0,2.595
"Boa Viagem, Pernambuco, Brazil",-8.11759,-34.90019,Apt superluxo e moderno em Boa Viagem,2,3,334.67,R$334.67,nightly,720,1004,"R$1,004",160.0,BRL,124.0,4 Reviews,Identity verified,Entire serviced apartment,4.92,Boa Viagem,1,167.333,334.667,0.987,4.0,2.468
"Boa Viagem, Pernambuco, Brazil",-8.13657,-34.90605,Aconchegante e fica a 300 da praia,4,3,274.0,R$822,nightly,600,822,R$822,120.0,BRL,102.0,4 Reviews,Identity verified,Entire condo,4.75,Boa Viagem,1,68.5,274.0,0.995,4.0,2.422
"Boa Viagem, Pernambuco, Brazil",-8.14499,-34.90781,Perfeito para familias / charming home with a view,4,3,493.33,R$493.33,nightly,1197,1480,"R$1,480",100.0,BRL,183.0,3 Reviews,Identity verified,Entire rental unit,5.0,Boa Viagem,1,123.333,493.333,0.99,3.0,2.394
"Boa Viagem, Pernambuco, Brazil",-8.10967,-34.89057,Apartamento duplex de luxo Beira mar,5,3,726.67,R$726.67,nightly,1740,2180,"R$2,180",170.0,BRL,270.0,Identity verified,,Entire rental unit,4.76,Boa Viagem,1,145.333,726.667,0.988,0.0,2.021
"Recife, Pernambuco, Brazil",-8.05375,-34.88251,"Apt Vista Mar, novíssimo! 15 km de Olinda!",4,3,399.33,R$399.33,nightly,900,1198,"R$1,198",150.0,BRL,148.0,13 Reviews,Identity verified,Entire serviced apartment,0.0,Recife,0,99.833,399.333,0.992,13.0,1.895
"Boa Viagem, Pernambuco, Brazil",-8.15236,-34.90748,"Flat na Av Boa Viagem (Recife), Por Temporada",6,3,542.0,R$542,nightly,1425,1626,"R$1,626",,BRL,201.0,11 Reviews,Identity verified,Entire rental unit,0.0,Boa Viagem,1,90.333,542.0,0.993,11.0,1.696
"Recife, Pernambuco, Brazil",-8.0548,-34.87116,Apartamento aconchegante,2,3,631.33,R$631.33,nightly,1500,1894,"R$1,894",160.0,BRL,234.0,7 Reviews,Identity verified,Entire rental unit,0.0,Recife,0,315.667,631.333,0.975,7.0,1.285
"Santo Amaro, Pernambuco, Brazil",-8.054,-34.878,Experiencie o CENTRO em sobrado histórico!,3,3,60.33,R$181,nightly,159,181,R$181,,BRL,22.0,5 Reviews,Identity verified,Shared room in rental unit,0.0,Santo Amaro,0,20.111,60.333,0.998,5.0,1.099
"Boa Viagem, Pernambuco, Brazil",-8.11345,-34.89868,@bc_hospedagens no Bristol,4,3,456.33,R$456.33,nightly,1200,1369,"R$1,369",,BRL,169.0,5 Reviews,Identity verified,Entire rental unit,0.0,Boa Viagem,1,114.083,456.333,0.991,5.0,1.095
"Rosarinho, Pernambuco, Brazil",-8.03622,-34.89821,CHÁCARA GRAVIRAN,10,3,951.0,R$951,nightly,2400,2853,"R$2,853",100.0,BRL,353.0,4 Reviews,,Private room in cottage,0.0,Rosarinho,0,95.1,951.0,0.992,4.0,0.995
"Ibura, Pernambuco, Brazil",-8.12657,-34.9172,Quartos próximos a praia de Boa Viagem,3,3,81.67,R$245,nightly,165,245,R$245,50.0,BRL,30.0,3 Reviews,Identity verified,Private room in home,0.0,Ibura,0,27.222,81.667,0.998,3.0,0.899
"Recife, Pernambuco, Brazil",-8.1428,-34.91634,Happy Place Quarto para Alugar _ 1,2,3,76.0,R$228,nightly,171,228,R$228,29.0,BRL,28.0,3 Reviews,Identity verified,Private room in rental unit,0.0,Recife,0,38.0,76.0,0.997,3.0,0.898
"Ipsep, Pernambuco, Brazil",-8.10841,-34.92524,"Quarto no Ipsep perto do aeroporto, e boa viagem",2,3,80.0,R$240,nightly,210,240,R$240,,BRL,30.0,2 Reviews,Identity verified,Private room in home,0.0,Ipsep,0,40.0,80.0,0.997,2.0,0.798
"Várzea, Pernambuco, Brazil",-8.04772,-34.96051,Quarto em apartamento no melhor cantinho da cidade,1,3,91.33,R$274,nightly,210,274,R$274,30.0,BRL,34.0,2 Reviews,Identity verified,Private room in rental unit,0.0,Várzea,0,91.333,91.333,0.993,2.0,0.796
"Encruzilhada, Pernambuco, Brazil",-8.03729,-34.88413,"Ambiente aconchegante com artes, design e cultura.",1,3,74.67,R$224,nightly,156,224,R$224,40.0,BRL,28.0,2 Reviews,Identity verified,Private room in condo,0.0,Encruzilhada,0,74.667,74.667,0.994,2.0,0.796
"Recife, Pernambuco, Brazil",-8.05193,-34.92495,La Bonita Residence,5,3,620.0,R$620,nightly,1500,1860,"R$1,860",130.0,BRL,230.0,2 Reviews,Identity verified,Entire home,0.0,Recife,0,124.0,620.0,0.99,2.0,0.794
"Boa Viagem, Pernambuco, Brazil",-8.13032,-34.89862,"Apt a Beira Mar, Recife PE 3 suítes c/ar",6,3,2510.67,R$2510.67,nightly,6600,7532,"R$7,532",,BRL,932.0,2 Reviews,Identity verified,Entire rental unit,0.0,Boa Viagem,1,418.444,2510.667,0.967,2.0,0.78
"Santo Amaro, Pernambuco, Brazil",-8.05465,-34.87816,"Casinha de Roger em Santo Amaro,  Recife / Centro",4,3,317.67,R$953,nightly,775,953,R$953,60.0,BRL,118.0,1 Review,Identity verified,Entire home,0.0,Santo Amaro,0,79.417,317.667,0.994,1.0,0.696
"Campo Grande, Pernambuco, Brazil",-8.03355,-34.87951,Casa bem ti vi - Carnaval 2023 Olinda/Recife,8,3,1141.33,R$1141.33,nightly,3000,3424,"R$3,424",,BRL,424.0,1 Review,Identity verified,Entire rental unit,0.0,Campo Grande,0,142.667,1141.333,0.989,1.0,0.693
"Brasília Teimosa, Pernambuco, Brazil",-8.08932,-34.87993,casa com piscina beira-mar.,9,3,1293.67,R$1293.67,nightly,3281,3881,"R$3,881",120.0,BRL,480.0,1 Review,Identity verified,Entire home,0.0,Brasília Teimosa,1,143.741,1293.667,0.989,1.0,0.693
"Boa Viagem, Pernambuco, Brazil",-8.11041,-34.89184,"Ap 2 quartos, em Boa  Viagem , próximo à praia.",4,3,1749.67,R$1749.67,nightly,4500,5249,"R$5,249",100.0,BRL,649.0,1 Review,Identity verified,Entire rental unit,0.0,Boa Viagem,1,437.417,1749.667,0.965,1.0,0.679
"Tamarineira, Pernambuco, Brazil",-8.03185,-34.9074,"Muito silencio, familiar e bem iluminado",4,3,82.0,R$246,nightly,270,246,R$246,,BRL,30.0,Identity verified,,Private room in bungalow,0.0,Tamarineira,0,20.5,82.0,0.998,0.0,0.599
"Iputinga, Pernambuco, Brazil",-8.04354,-34.94229,Casa até seis pessoas UFPE Carnaval 2023,6,3,1255.33,R$1255.33,nightly,3300,3766,"R$3,766",,BRL,466.0,Identity verified,,Entire home,0.0,Iputinga,0,209.222,1255.333,0.983,0.0,0.59
"Água Fria, Pernambuco, Brazil",-8.01995,-34.88767,excelente apartamento,5,3,1027.0,R$1027,nightly,2700,3081,"R$3,081",,BRL,381.0,Identity verified,,Entire rental unit,0.0,Água Fria,0,205.4,1027.0,0.984,0.0,0.59
"Recife, Pernambuco, Brazil",-8.08881,-34.92572,Otima casa para Grupo para copa,15,3,3423.67,R$3423.67,nightly,9000,10271,"R$10,271",,BRL,1271.0,,,Shared room in rental unit,0.0,Recife,0,228.244,3423.667,0.982,0.0,0.589
"Santo Amaro, Pernambuco, Brazil",-8.04527,-34.88388,Alugo casa para o carnaval! 7min de OLINDA.,6,3,1464.67,R$1464.67,nightly,3750,4394,"R$4,394",100.0,BRL,544.0,Identity verified,,Entire home,0.0,Santo Amaro,0,244.111,1464.667,0.98,0.0,0.588
"Derby, Pernambuco, Brazil",-8.05603,-34.90156,Aluguel pro carnaval do dia 21 ao 29/02,9,3,2282.33,R$2282.33,nightly,6000,6847,"R$6,847",,BRL,847.0,Identity verified,,Entire condo,0.0,Derby,0,253.593,2282.333,0.98,0.0,0.588
"Recife, Pernambuco, Brazil",-8.13553,-34.90653,Apartamento copa 2014 Recife World,4,3,1141.33,R$1141.33,nightly,3000,3424,"R$3,424",,BRL,424.0,Identity verified,,Entire rental unit,0.0,Recife,0,285.333,1141.333,0.977,0.0,0.586
"Boa Viagem, Pernambuco, Brazil",-8.11817,-34.89387,Lindo flat no quarteirão da melhor praia de recife,4,3,1141.33,R$1141.33,nightly,3000,3424,"R$3,424",,BRL,424.0,Identity verified,,Entire serviced apartment,0.0,Boa Viagem,1,285.333,1141.333,0.977,0.0,0.586
"Santana, Pernambuco, Brazil",-8.11093,-35.00067,Vendo e alugo Apartamento decorado,4,3,1369.33,R$1369.33,nightly,3600,4108,"R$4,108",,BRL,508.0,Identity verified,,Entire condo,0.0,Santana,0,342.333,1369.333,0.973,0.0,0.584
"Curado, Pernambuco, Brazil",-8.07541,-34.93969,Fazenda fantástica com 7 suítes e muito lazer.,9,3,3195.33,R$3195.33,nightly,8400,9586,"R$9,586",,BRL,1186.0,Identity verified,,Farm stay,0.0,Curado,0,355.037,3195.333,0.972,0.0,0.583
"Boa Vista, Pernambuco, Brazil",-8.05477,-34.87852,Período de Carnaval,15,3,5706.0,R$5706,nightly,15000,17118,"R$17,118",,BRL,2118.0,Identity verified,,Entire rental unit,0.0,Boa Vista,0,380.4,5706.0,0.97,0.0,0.582
"Espinheiro, Pernambuco, Brazil",-8.0455,-34.88919,Suites Catedral,4,3,1685.67,R$1685.67,nightly,4431,5057,"R$5,057",,BRL,626.0,,,Entire rental unit,0.0,Espinheiro,0,421.417,1685.667,0.966,0.0,0.58
"Boa Viagem, Pernambuco, Brazil",-8.11229,-34.8956,Flat Beach Class Santa Maria,2,3,1141.33,R$1141.33,nightly,3000,3424,"R$3,424",,BRL,424.0,Identity verified,,Entire serviced apartment,0.0,Boa Viagem,1,570.667,1141.333,0.954,0.0,0.572
"Zumbi, Pernambuco, Brazil",-8.04971,-34.91815,CASA PARA TEMPORADA AMBIENTE LIMPO E SEGURO EM- PE,4,3,2853.0,R$2853,nightly,7500,8559,"R$8,559",,BRL,1059.0,Identity verified,,Entire home,0.0,Zumbi,0,713.25,2853.0,0.943,0.0,0.566
"Boa Viagem, Pernambuco, Brazil",-8.12032,-34.89858,Premium Quadruplo,4,3,9999.0,R$9999,nightly,29997,29997,"R$29,997",,BRL,,Identity verified,,Room in hotel,0.0,Boa Viagem,1,2499.75,9999.0,0.8,0.0,0.48
